[
 {
   "Posto Graduação": "S Ten Eng",
   "Nome": "GERSON ALVES DE SOUZA (GERSON)",
   "Data": "05/12/12",
   "Motivo da Exclusão": "Licenciamento do serviço ativo a pedido"
 },
 {
   "Posto Graduação": "1º Sgt Eng",
   "Nome": "ALEXEI ANDRADE LOPES (ALEXEI)",
   "Data": "18/12/06",
   "Motivo da Exclusão": "Por incorreção"
 },
 {
   "Posto Graduação": "1º Sgt Eng",
   "Nome": "EDGARD LINCOLN FERREIRA (LINCOLN)",
   "Data": "18/07/07",
   "Motivo da Exclusão": "Licenciamento do serviço ativo ex officio"
 },
 {
   "Posto Graduação": "1º Sgt Eng",
   "Nome": "FRANCISCO EVALDO FERREIRA LEAL (EVALDO)",
   "Data": "08/01/07",
   "Motivo da Exclusão": "Licenciamento do serviço ativo ex officio"
 },
 {
   "Posto Graduação": "1º Sgt Eng",
   "Nome": "JACY DUARTE JUNIOR (DUARTE)",
   "Data": "05/04/05",
   "Motivo da Exclusão": "Licenciamento do serviço ativo ex officio"
 },
 {
   "Posto Graduação": "2º Sgt Eng",
   "Nome": "ALEXANDRE TORRES NOGUEIRA (TORRES)",
   "Data": "15/06/03",
   "Motivo da Exclusão": "Licenciamento do serviço ativo ex officio"
 },
 {
   "Posto Graduação": "2º Sgt Eng",
   "Nome": "MANOEL MESSIAS CHAVES MOREIRA (MESSIAS)",
   "Data": "06/05/05",
   "Motivo da Exclusão": "Licenciamento do serviço ativo ex officio"
 },
 {
   "Posto Graduação": "2º Sgt Eng",
   "Nome": "PAULO SERGIO SOUSA (PAULO SERGIO)",
   "Data": "17/02/03",
   "Motivo da Exclusão": "Licenciamento do serviço ativo ex officio"
 },
 {
   "Posto Graduação": "3º Sgt Eng",
   "Nome": "LINDEGILSON FLOR FREITAS (LINDEGILSON)",
   "Data": "01/12/94",
   "Motivo da Exclusão": "Licenciamento do serviço ativo a pedido"
 }
]