[
 {
   "Posto Graduação": "Cap QAO-Adm G",
   "Nome": "AIRTON AVILA DIAS (AIRTON)",
   "E-mail": "aad.38@hotmail.com",
   "Data Reserva": "31/01/21"
 },
 {
   "Posto Graduação": "Cap QAO-Adm G",
   "Nome": "ALCENO FIDELIX DA SILVA (ALCENO)",
   "E-mail": "alcenofidelix@bol.com.br",
   "Data Reserva": "31/08/21"
 },
 {
   "Posto Graduação": "Cap QAO-Adm G",
   "Nome": "ALESSANDRO FORTES BUSTAMANTE SÁ (BUSTAMANTE)",
   "E-mail": "afbs90@gmail.com",
   "Data Reserva": "31/07/21"
 },
 {
   "Posto Graduação": "Cap QAO-Adm G",
   "Nome": "ANDERSON DE PAULA DA SILVA (ANDERSON)",
   "E-mail": "andaps1969@gmail.com",
   "Data Reserva": "31/01/21"
 },
 {
   "Posto Graduação": "Cap QAO-Adm G",
   "Nome": "ANTONIO JOÃO DE SOUSA FILHO (J SOUSA)",
   "E-mail": "joaosousa90@hotmail.com",
   "Data Reserva": "31/01/21"
 },
 {
   "Posto Graduação": "Cap QAO-Adm G",
   "Nome": "CARLOS JOSÉ DE BARCELOS (BARCELOS)",
   "E-mail": "sgt_barcelos@hotmail.com",
   "Data Reserva": "29/02/20"
 },
 {
   "Posto Graduação": "Cap QAO-Adm G",
   "Nome": "CARLOS VILELA ALVES (VILELA)",
   "E-mail": "vilelacpv@hotmail.com",
   "Data Reserva": "29/02/20"
 },
 {
   "Posto Graduação": "Cap QAO-Adm G",
   "Nome": "CHARLES ANTONIO GOMES EVARISTO (CHARLES)",
   "E-mail": "stencharles1990@yahoo.com.br",
   "Data Reserva": "30/11/20"
 },
 {
   "Posto Graduação": "Cap QAO-Adm G",
   "Nome": "CLAUTO SOUTO DA SILVA (SOUTO)",
   "E-mail": "clautosouto@hotmail.com",
   "Data Reserva": "30/11/20"
 },
 {
   "Posto Graduação": "Cap QAO-Adm G",
   "Nome": "DEVANIR BENITES DA SILVA (BENITES)",
   "E-mail": "benites.2021@outlook.com",
   "Data Reserva": "31/01/20"
 },
 {
   "Posto Graduação": "Cap QAO-Adm G",
   "Nome": "EDIVO GOMES DA SILVA (EDIVO)",
   "E-mail": "ciedivo@yahoo.com.br",
   "Data Reserva": "31/07/20"
 },
 {
   "Posto Graduação": "Cap QAO-Adm G",
   "Nome": "EDMILSON PEIXOTO (EDMILSON)",
   "E-mail": "epcri0306@gmail.com",
   "Data Reserva": "29/02/20"
 },
 {
   "Posto Graduação": "Cap QAO-Adm G",
   "Nome": "ELY BENÍCIO DE CARVALHO (BENÍCIO)",
   "E-mail": "elybenicio90@gmail.com",
   "Data Reserva": "31/08/21"
 },
 {
   "Posto Graduação": "Cap QAO-Adm G",
   "Nome": "ERALDO GOMES DE FARIAS (GOMES)",
   "E-mail": "gomexjpa@gmail.com",
   "Data Reserva": "31/07/20"
 },
 {
   "Posto Graduação": "Cap QAO-Adm G",
   "Nome": "FRANCISCO DE ASSIS BRITO (BRITO)",
   "E-mail": "franciscobritocaico@gmail.com",
   "Data Reserva": "28/02/21"
 },
 {
   "Posto Graduação": "Cap QAO-Adm G",
   "Nome": "GILSON RIBEIRO DE SAMPAIO (SAMPAIO)",
   "E-mail": "gilsonsampaio@hotmail.com",
   "Data Reserva": "31/01/21"
 },
 {
   "Posto Graduação": "Cap QAO-Adm G",
   "Nome": "GILVAN LUIS FERREIRA BRAGA (GILVAN)",
   "E-mail": "glfb@bol.com.br",
   "Data Reserva": "31/03/21"
 },
 {
   "Posto Graduação": "Cap QAO-Adm G",
   "Nome": "HAMILTON GUIMARÃES DA CUNHA RODRIGUES (HAMILTON)",
   "E-mail": "hamilton-71@hotmail.com",
   "Data Reserva": "31/01/21"
 },
 {
   "Posto Graduação": "Cap QAO-Adm G",
   "Nome": "HEITOR LUIZ DESSOY (HEITOR)",
   "E-mail": "heitordessoy@hotmail.com",
   "Data Reserva": "30/11/20"
 },
 {
   "Posto Graduação": "Cap QAO-Adm G",
   "Nome": "HELDER LUCHI (LUCHI)",
   "E-mail": "hluchi@hotmail.com",
   "Data Reserva": "31/08/20"
 },
 {
   "Posto Graduação": "Cap QAO-Adm G",
   "Nome": "ISAAC MORAIS DE ALMEIDA (ISAAC)",
   "E-mail": "isaacpanosso@hotmail.com",
   "Data Reserva": "28/02/21"
 },
 {
   "Posto Graduação": "Cap QAO-Adm G",
   "Nome": "JAIME CÉSAR GUIMARÃES (JAIME)",
   "E-mail": "jaimecestp@yahoo.com.br",
   "Data Reserva": "31/08/21"
 },
 {
   "Posto Graduação": "Cap QAO-Adm G",
   "Nome": "JOACIR DE OLIVEIRA REZENDE (JOACIR)",
   "E-mail": "joaciror@gmail.com",
   "Data Reserva": "31/01/20"
 },
 {
   "Posto Graduação": "Cap QAO-Adm G",
   "Nome": "JOAQUIM NETO VIEIRA DE CARVALHO (J NETO)",
   "E-mail": "sgt_jneto@hotmail.com",
   "Data Reserva": "31/08/20"
 },
 {
   "Posto Graduação": "Cap QAO-Adm G",
   "Nome": "JORGE LEONI VALLIM VIEIRA (VALLIM)",
   "E-mail": "jlvallim@hotmail.com",
   "Data Reserva": "31/08/20"
 },
 {
   "Posto Graduação": "Cap QAO-Adm G",
   "Nome": "JOSÉ AFONSO CARVALHO DA SILVA (AFONSO)",
   "E-mail": "af.carvalho.silva@gmail.com",
   "Data Reserva": "30/09/20"
 },
 {
   "Posto Graduação": "Cap QAO-Adm G",
   "Nome": "JOSÉ DELGADO DOS SANTOS (DELGADO)",
   "E-mail": "josedelgado6@hotmail.com",
   "Data Reserva": "31/07/20"
 },
 {
   "Posto Graduação": "Cap QAO-Adm G",
   "Nome": "JOSÉ HAMILTON PEREIRA MOREIRA (MOREIRA)",
   "E-mail": "jphmoreira@hotmail.com",
   "Data Reserva": "30/11/20"
 },
 {
   "Posto Graduação": "Cap QAO-Adm G",
   "Nome": "JOSÉ LUIS DA SILVA (JOSÉ LUIS)",
   "E-mail": "jose.carlajlcc@hotmail.com",
   "Data Reserva": "31/03/21"
 },
 {
   "Posto Graduação": "Cap QAO-Adm G",
   "Nome": "JOSÉ LUIZ DA LUZ (LUIZ)",
   "E-mail": "jl.luz@uol.com.br",
   "Data Reserva": "31/07/20"
 },
 {
   "Posto Graduação": "Cap QAO-Adm G",
   "Nome": "JOSÉ OGUNIRA SAGAZ MACHADO (SAGAZ)",
   "E-mail": "joseogunira@yahoo.com.br",
   "Data Reserva": "31/01/21"
 },
 {
   "Posto Graduação": "Cap QAO-Adm G",
   "Nome": "JOSÉ OTÁVIO ALMEIDA DE AZEVEDO (OTÁVIO)",
   "E-mail": "otavio1966@gmail.com",
   "Data Reserva": "31/12/20"
 },
 {
   "Posto Graduação": "Cap QAO-Adm G",
   "Nome": "JOSIVANDRO TEIXEIRA GONDINHO (JOSIVANDRO)",
   "E-mail": "jwandro@bol.com.br",
   "Data Reserva": "31/07/20"
 },
 {
   "Posto Graduação": "Cap QAO-Adm G",
   "Nome": "JUAREZ SOUZA DA SILVA (JUAREZ)",
   "E-mail": "silvajuarez1971@gmail.com",
   "Data Reserva": "29/02/20"
 },
 {
   "Posto Graduação": "Cap QAO-Adm G",
   "Nome": "JURANDIR PEREIRA LIMA (JURANDIR)",
   "E-mail": "jurandir18@hotmail.com",
   "Data Reserva": "31/01/21"
 },
 {
   "Posto Graduação": "Cap QAO-Adm G",
   "Nome": "MANOEL AILTON COSTA BARROS (COSTA)",
   "E-mail": "manoel.barros@gmail.com",
   "Data Reserva": "31/08/21"
 },
 {
   "Posto Graduação": "Cap QAO-Adm G",
   "Nome": "MANOEL BEZERRA DE ARAÚJO (BEZERRA)",
   "E-mail": "mbanatal@hotmail.com",
   "Data Reserva": "31/08/20"
 },
 {
   "Posto Graduação": "Cap QAO-Adm G",
   "Nome": "MARCELO DO NASCIMENTO (MARCELO)",
   "E-mail": "marcelomilitar90@gmail.com",
   "Data Reserva": "31/12/20"
 },
 {
   "Posto Graduação": "Cap QAO-Adm G",
   "Nome": "MÁRCIO EUGÊNIO BEZERRA DE SOUSA (MÁRCIO)",
   "E-mail": "marcio_ebs@hotmail.com",
   "Data Reserva": "31/08/20"
 },
 {
   "Posto Graduação": "Cap QAO-Adm G",
   "Nome": "MARCO ANTONIO HONORATO DA SILVEIRA (HONORATO)",
   "E-mail": "m_honorato@yahoo.com.br",
   "Data Reserva": "31/03/21"
 },
 {
   "Posto Graduação": "Cap QAO-Adm G",
   "Nome": "MÁRIO DENER RODRIGUES FERREIRA (RODRIGUES)",
   "E-mail": "DENERMAR@HOTMAIL.COM",
   "Data Reserva": "30/11/20"
 },
 {
   "Posto Graduação": "Cap QAO-Adm G",
   "Nome": "MAURO SERGIO VIEIRA (SERGIO)",
   "E-mail": "maurosergiovieira32@gmail.com",
   "Data Reserva": "31/12/20"
 },
 {
   "Posto Graduação": "Cap QAO-Adm G",
   "Nome": "ODENILDO SOUSA SERRA (ODENILDO)",
   "E-mail": "odenildood@yahoo.com.br",
   "Data Reserva": "31/12/20"
 },
 {
   "Posto Graduação": "Cap QAO-Adm G",
   "Nome": "PAULO PINHEIRO DOS SANTOS (PINHEIRO)",
   "E-mail": "jtkirk1969@hotmail.com",
   "Data Reserva": "31/08/21"
 },
 {
   "Posto Graduação": "Cap QAO-Adm G",
   "Nome": "PAULO ROBERTO CORREA DE OLIVEIRA (ROBERTO)",
   "E-mail": "roberto_cachoeira@yahoo.com.br",
   "Data Reserva": "31/01/21"
 },
 {
   "Posto Graduação": "Cap QAO-Adm G",
   "Nome": "ROBERTO LOPES DE OLIVEIRA (ROBERTO)",
   "E-mail": "robertolonit@hotmail.com",
   "Data Reserva": "31/01/21"
 },
 {
   "Posto Graduação": "Cap QAO-Adm G",
   "Nome": "ROBERTO MARCOS DE SOUSA MIRANDA (R MARCOS)",
   "E-mail": "roberto.marcos90@yahoo.com.br",
   "Data Reserva": "29/02/20"
 },
 {
   "Posto Graduação": "Cap QAO-Adm G",
   "Nome": "ROSINALDO FERREIRA DA SILVA (SILVA)",
   "E-mail": "rosinaldo.silva@bol.com.br",
   "Data Reserva": "15/01/21"
 },
 {
   "Posto Graduação": "Cap QAO-Adm G",
   "Nome": "SANCLÉ PEREIRA DOS SANTOS (SANCLÉ)",
   "E-mail": "sancleps@yahoo.com.br",
   "Data Reserva": "31/01/20"
 },
 {
   "Posto Graduação": "Cap QAO-Adm G",
   "Nome": "SILVANI FERREIRA FILHO (SILVANI)",
   "E-mail": "babisilvani@bol.com.br",
   "Data Reserva": "31/01/21"
 },
 {
   "Posto Graduação": "Cap QAO-Adm G",
   "Nome": "VALDEMAR FERNANDES DA SILVA (FERNANDES)",
   "E-mail": "fernandesvaldemar@live.com",
   "Data Reserva": "31/07/20"
 },
 {
   "Posto Graduação": "Cap QAO-Adm G",
   "Nome": "VALDIR SOUZA BRASIL (BRASIL)",
   "E-mail": "brasilbesson@bol.com.br",
   "Data Reserva": "31/12/20"
 },
 {
   "Posto Graduação": "Cap QAO-Adm G",
   "Nome": "VLADIMIR ALEXANDRE DA SILVA ARAUJO (VLADIMIR)",
   "E-mail": "vladimir.araujo1@bol.com.br",
   "Data Reserva": "31/07/21"
 },
 {
   "Posto Graduação": "Cap QAO-Adm G",
   "Nome": "WILBERÇON DE SOUSA FREITAS (WILBERÇON)",
   "E-mail": "wilberconsf@hotmail.com",
   "Data Reserva": "31/12/20"
 },
 {
   "Posto Graduação": "1º Ten QAO-Adm G",
   "Nome": "ANTONIO MOACIR NUNES MOTTA (M NUNES)",
   "E-mail": "moacir924@gmail.com",
   "Data Reserva": "31/07/17"
 },
 {
   "Posto Graduação": "1º Ten QAO-Adm G",
   "Nome": "EDIVALDO BEZERRA DE ARAÚJO (EDIVALDO)",
   "E-mail": "edivaldo90@hotmail.com",
   "Data Reserva": "31/07/17"
 },
 {
   "Posto Graduação": "1º Ten QAO-Adm G",
   "Nome": "EDUARDO LUIS DE MIRANDA (MIRANDA)",
   "E-mail": "edluism@hotmail.com",
   "Data Reserva": "30/09/18"
 },
 {
   "Posto Graduação": "1º Ten QAO-Adm G",
   "Nome": "FERNANDO ELOY FREITAS DE SOUZA (ELOY)",
   "E-mail": "eloyfreitas@bol.com.br",
   "Data Reserva": "31/08/17"
 },
 {
   "Posto Graduação": "1º Ten QAO-Adm G",
   "Nome": "GERSON VOLMIR SEIFFERT (VOLMIR)",
   "E-mail": "skeifert@hotmail.com",
   "Data Reserva": "31/07/17"
 },
 {
   "Posto Graduação": "1º Ten QAO-Adm G",
   "Nome": "GLADIMIR ALVES DA SILVA (GLADIMIR)",
   "E-mail": "gladimir.silva@yahoo.com.br",
   "Data Reserva": "31/01/18"
 },
 {
   "Posto Graduação": "1º Ten QAO-Adm G",
   "Nome": "JOSE FERNANDO DE OLIVEIRA (DE OLIVEIRA)",
   "E-mail": "zefernandooliveira@hotmail.com",
   "Data Reserva": "31/10/17"
 },
 {
   "Posto Graduação": "1º Ten QAO-Adm G",
   "Nome": "JOSÉ MAURICIO OLIVEIRA DA SILVEIRA (MAURICIO)",
   "E-mail": "mauriciao375@hotmail.com",
   "Data Reserva": "31/03/19"
 },
 {
   "Posto Graduação": "1º Ten QAO-Adm G",
   "Nome": "JOSÉ ROSADO DE CARVALHO (ROSADO)",
   "E-mail": "picosrj@hotmail.com",
   "Data Reserva": "30/06/17"
 },
 {
   "Posto Graduação": "1º Ten QAO-Adm G",
   "Nome": "JOSEMAR DA LUZ PEREIRA (JOSEMAR)",
   "E-mail": "josemarpereiraluz@gmail.com",
   "Data Reserva": "31/01/18"
 },
 {
   "Posto Graduação": "1º Ten QAO-Adm G",
   "Nome": "SILVIO CÉSAR MOISÉS (CÉSAR MOISÉS)",
   "E-mail": "scmcesar@yahoo.com.br",
   "Data Reserva": "31/07/17"
 },
 {
   "Posto Graduação": "2º Ten QAO-Adm G",
   "Nome": "ANTONIO FRANÇA DE LIMA (FRANÇA)",
   "E-mail": "franca_antonio66@ig.com.br",
   "Data Reserva": "30/04/16"
 },
 {
   "Posto Graduação": "2º Ten QAO-Adm G",
   "Nome": "CARLOS DIAS MOTA (DIAS MOTA)",
   "E-mail": "diasmotacarlos@gmail.com",
   "Data Reserva": "30/11/18"
 },
 {
   "Posto Graduação": "2º Ten QAO-Adm G",
   "Nome": "CARLOS ROBERTO MENDES (MENDES)",
   "E-mail": "vaurette@hotmail.com",
   "Data Reserva": "31/08/16"
 },
 {
   "Posto Graduação": "2º Ten QAO-Adm G",
   "Nome": "EMÍDIO JOSÉ GOMES BALCONI (EMÍDIO)",
   "E-mail": "emidio98@hotmail.com",
   "Data Reserva": "30/06/17"
 },
 {
   "Posto Graduação": "2º Ten QAO-Adm G",
   "Nome": "HUMBERTO SILVA GALVÃO (HUMBERTO)",
   "E-mail": "humbertopo@hotmail.com",
   "Data Reserva": "30/06/16"
 },
 {
   "Posto Graduação": "2º Ten QAO-Adm G",
   "Nome": "LAUDENIR AGUIAR DA SILVA (AGUIAR)",
   "E-mail": "laudenirsilva.aguiar@bol.com.br",
   "Data Reserva": "31/07/16"
 },
 {
   "Posto Graduação": "2º Ten QAO-Adm G",
   "Nome": "NEEMIAS SANTOS RIBEIRO (NEEMIAS)",
   "E-mail": "ns-ribeiro2013@bol.com.br",
   "Data Reserva": "30/04/16"
 },
 {
   "Posto Graduação": "2º Ten QAO-Adm G",
   "Nome": "ODAIR MOREIRA ANGHIEVISCK (ODAIR)",
   "E-mail": "odamorang@gmail.com",
   "Data Reserva": "30/04/15"
 },
 {
   "Posto Graduação": "2º Ten QAO-Adm G",
   "Nome": "SERGIO HENRIQUE DOS SANTOS (HENRIQUE)",
   "E-mail": "shsrio1968@hotmail.com",
   "Data Reserva": "30/04/17"
 },
 {
   "Posto Graduação": "S Ten Eng",
   "Nome": "ALCINDO RABÊLO CAMPOS (ALCINDO)",
   "E-mail": "alcindovsk@hotmail.com",
   "Data Reserva": "31/12/16"
 },
 {
   "Posto Graduação": "S Ten Eng",
   "Nome": "CARLOS ROBERTO DIAS DE MATTOS (MATTOS)",
   "E-mail": "mattos90@yahoo.com.br",
   "Data Reserva": "30/04/19"
 },
 {
   "Posto Graduação": "S Ten Eng",
   "Nome": "CÉLIO GONÇALVES DA SILVA (CELIO)",
   "E-mail": "celiolife@yahoo.com.br",
   "Data Reserva": "31/07/17"
 },
 {
   "Posto Graduação": "S Ten Eng",
   "Nome": "ELOIR CARDOSO DOS SANTOS (CARDOSO)",
   "E-mail": "e_loir69@hotmail.com",
   "Data Reserva": "31/01/21"
 },
 {
   "Posto Graduação": "S Ten Eng",
   "Nome": "EVERALDO MARINHO DE ALMEIDA (EVERALDO)",
   "E-mail": "everaldomarinho001@gmail.com",
   "Data Reserva": "30/06/17"
 },
 {
   "Posto Graduação": "S Ten Eng",
   "Nome": "FRANCISCO CARLOS LEAL (LEAL)",
   "E-mail": "carlosleal11@outlook.com",
   "Data Reserva": "31/07/15"
 },
 {
   "Posto Graduação": "S Ten Eng",
   "Nome": "FRANCISCO CAVALCANTE DE VASCONCELOS (VASCONCELOS)",
   "E-mail": "vasconcerika@gmail.com",
   "Data Reserva": "31/07/20"
 },
 {
   "Posto Graduação": "S Ten Eng",
   "Nome": "IVAN RODRIGUES DA SILVA (R SILVA)",
   "E-mail": "knebelsilva@hotmail.com",
   "Data Reserva": "31/03/15"
 },
 {
   "Posto Graduação": "S Ten Eng",
   "Nome": "JEAN EUFRÁSIO DA SILVA (JEAN)",
   "E-mail": "silvaeufrasio@hotmail.com",
   "Data Reserva": "30/11/13"
 },
 {
   "Posto Graduação": "S Ten Eng",
   "Nome": "JOSÉ ANTONIO MONTEIRO DA SILVA (MONTEIRO)",
   "E-mail": "monteiro.advogado@yahoo.com.br",
   "Data Reserva": "30/04/12"
 },
 {
   "Posto Graduação": "S Ten Eng",
   "Nome": "JOSE ESCOCIO DE CERQUEIRA CAMPOS (CERQUEIRA)",
   "E-mail": "jottacampos@hotmail.com",
   "Data Reserva": "31/01/20"
 },
 {
   "Posto Graduação": "S Ten Eng",
   "Nome": "JÚLIO CÉSAR SANTOS VIEIRA (VIEIRA)",
   "E-mail": "vieira_155@yahoo.com.br",
   "Data Reserva": "30/06/12"
 },
 {
   "Posto Graduação": "S Ten Eng",
   "Nome": "LUIZ ANTONIO PIRES JUNIOR (PIRES JUNIOR)",
   "E-mail": "praticoeletronicos@hotmail.com",
   "Data Reserva": "30/09/15"
 },
 {
   "Posto Graduação": "S Ten Eng",
   "Nome": "LUIZ FELIPE CZEZESKI (LUIZ)",
   "E-mail": "luizfelipeczezeski@gmail.com",
   "Data Reserva": "31/10/11"
 },
 {
   "Posto Graduação": "S Ten Eng",
   "Nome": "MÁRCIO ROGÉRIO TEIXEIRA MACHADO (MACHADO)",
   "E-mail": "rogerioteixeiram@gmail.com",
   "Data Reserva": "29/02/16"
 },
 {
   "Posto Graduação": "S Ten Eng",
   "Nome": "NEILTON SÉRGIO ORIPKA (NEILTON)",
   "E-mail": "neilton.sergio.oripka@bol.com.br",
   "Data Reserva": "31/07/15"
 },
 {
   "Posto Graduação": "S Ten Eng",
   "Nome": "RAIMUNDO JOSE MENDES DE SOUSA (MENDES)",
   "E-mail": "xicomendesss@bol.com.br",
   "Data Reserva": "31/05/18"
 },
 {
   "Posto Graduação": "S Ten Eng",
   "Nome": "RONALDO BITTENCOURT SALGADO (SALGADO)",
   "E-mail": "salgadorb@hotmail.com",
   "Data Reserva": "30/06/17"
 },
 {
   "Posto Graduação": "1º Sgt Eng",
   "Nome": "ARNALDO JOSÉ PIRES BARBOSA (ARNALDO)",
   "E-mail": "arnaldoagora@hotmail.com",
   "Data Reserva": "30/04/07"
 },
 {
   "Posto Graduação": "1º Sgt Eng",
   "Nome": "JOSELITO MARQUES DA SILVA (JOSELITO)",
   "E-mail": "joselitosilvamarques@bol.com.br",
   "Data Reserva": "31/07/12"
 },
 {
   "Posto Graduação": "1º Sgt Eng",
   "Nome": "WESLEY JOÃO DA SILVA SOUSA (WESLEY)",
   "E-mail": "wesleyjoao112@gmail.com",
   "Data Reserva": "31/12/08"
 },
 {
   "Posto Graduação": "2º Sgt Eng",
   "Nome": "EDSON VIEIRA GOMES (GOMES)",
   "E-mail": "",
   "Data Reserva": "30/04/04"
 },
 {
   "Posto Graduação": "2º Sgt Eng",
   "Nome": "FABIANO VIEIRA DE LIMA (DE LIMA)",
   "E-mail": "fabiano.dellima@gmail.com",
   "Data Reserva": "31/01/05"
 }
]